prayer,date_local,time_local,utc_offset,lat,lng,elevation_m,source,notes
fajr,2024-03-07,06:03,-3,-34.6037,-58.3816,25.0,Globe at Night Monitoring Network (GaN-MN). Continuous SQM-LE sky brightness data. https://globeatnight.org/gan-mn/. Station registry: http://globeatnight-network.org/,"GaN-MN station AHO (Almendra HackLab, Buenos Aires, Argentina); photometric inflection method; night median MSAS=17.58; MSAS at inflection=16.67; depression=9.50°; smoothing=5-pt median; dark rows=1186"
fajr,2024-03-02,06:06,8,22.3755,114.2707,10.0,Globe at Night Monitoring Network (GaN-MN). Continuous SQM-LE sky brightness data. https://globeatnight.org/gan-mn/. Station registry: http://globeatnight-network.org/,"GaN-MN station AP (Hong Kong Astropark, Sai Kung); photometric inflection method; night median MSAS=19.87; MSAS at inflection=17.90; depression=9.27°; smoothing=5-pt median; dark rows=1314"
fajr,2024-03-04,05:29,8,22.3755,114.2707,10.0,Globe at Night Monitoring Network (GaN-MN). Continuous SQM-LE sky brightness data. https://globeatnight.org/gan-mn/. Station registry: http://globeatnight-network.org/,"GaN-MN station AP (Hong Kong Astropark, Sai Kung); photometric inflection method; night median MSAS=20.81; MSAS at inflection=20.77; depression=17.45°; smoothing=5-pt median; dark rows=1308"
isha,2024-03-06,19:38,8,22.3755,114.2707,10.0,Globe at Night Monitoring Network (GaN-MN). Continuous SQM-LE sky brightness data. https://globeatnight.org/gan-mn/. Station registry: http://globeatnight-network.org/,"GaN-MN station AP (Hong Kong Astropark, Sai Kung); photometric inflection method; night median MSAS=20.88; MSAS at inflection=19.98; depression=16.82°; smoothing=5-pt median; dark rows=1300"
fajr,2024-03-07,05:59,8,22.3755,114.2707,10.0,Globe at Night Monitoring Network (GaN-MN). Continuous SQM-LE sky brightness data. https://globeatnight.org/gan-mn/. Station registry: http://globeatnight-network.org/,"GaN-MN station AP (Hong Kong Astropark, Sai Kung); photometric inflection method; night median MSAS=20.88; MSAS at inflection=19.06; depression=9.93°; smoothing=5-pt median; dark rows=1300"
fajr,2024-03-08,05:24,8,22.3755,114.2707,10.0,Globe at Night Monitoring Network (GaN-MN). Continuous SQM-LE sky brightness data. https://globeatnight.org/gan-mn/. Station registry: http://globeatnight-network.org/,"GaN-MN station AP (Hong Kong Astropark, Sai Kung); photometric inflection method; night median MSAS=20.00; MSAS at inflection=19.80; depression=17.83°; smoothing=5-pt median; dark rows=1299"
fajr,2024-03-09,05:49,8,22.3755,114.2707,10.0,Globe at Night Monitoring Network (GaN-MN). Continuous SQM-LE sky brightness data. https://globeatnight.org/gan-mn/. Station registry: http://globeatnight-network.org/,"GaN-MN station AP (Hong Kong Astropark, Sai Kung); photometric inflection method; night median MSAS=19.78; MSAS at inflection=19.55; depression=11.73°; smoothing=5-pt median; dark rows=1296"
fajr,2024-03-10,05:52,8,22.3755,114.2707,10.0,Globe at Night Monitoring Network (GaN-MN). Continuous SQM-LE sky brightness data. https://globeatnight.org/gan-mn/. Station registry: http://globeatnight-network.org/,"GaN-MN station AP (Hong Kong Astropark, Sai Kung); photometric inflection method; night median MSAS=20.47; MSAS at inflection=19.36; depression=10.94°; smoothing=5-pt median; dark rows=1294"
fajr,2024-03-12,05:03,8,22.3755,114.2707,10.0,Globe at Night Monitoring Network (GaN-MN). Continuous SQM-LE sky brightness data. https://globeatnight.org/gan-mn/. Station registry: http://globeatnight-network.org/,"GaN-MN station AP (Hong Kong Astropark, Sai Kung); photometric inflection method; night median MSAS=20.17; MSAS at inflection=20.30; depression=21.85°; smoothing=5-pt median; dark rows=1288"
fajr,2024-03-15,05:54,8,22.3755,114.2707,10.0,Globe at Night Monitoring Network (GaN-MN). Continuous SQM-LE sky brightness data. https://globeatnight.org/gan-mn/. Station registry: http://globeatnight-network.org/,"GaN-MN station AP (Hong Kong Astropark, Sai Kung); photometric inflection method; night median MSAS=20.68; MSAS at inflection=18.21; depression=9.32°; smoothing=5-pt median; dark rows=1281"
fajr,2024-03-16,05:36,8,22.3755,114.2707,10.0,Globe at Night Monitoring Network (GaN-MN). Continuous SQM-LE sky brightness data. https://globeatnight.org/gan-mn/. Station registry: http://globeatnight-network.org/,"GaN-MN station AP (Hong Kong Astropark, Sai Kung); photometric inflection method; night median MSAS=20.83; MSAS at inflection=20.77; depression=13.39°; smoothing=5-pt median; dark rows=1278"
fajr,2024-03-19,05:15,8,22.3755,114.2707,10.0,Globe at Night Monitoring Network (GaN-MN). Continuous SQM-LE sky brightness data. https://globeatnight.org/gan-mn/. Station registry: http://globeatnight-network.org/,"GaN-MN station AP (Hong Kong Astropark, Sai Kung); photometric inflection method; night median MSAS=18.11; MSAS at inflection=20.14; depression=17.46°; smoothing=5-pt median; dark rows=1270"
fajr,2024-03-20,05:47,8,22.3755,114.2707,10.0,Globe at Night Monitoring Network (GaN-MN). Continuous SQM-LE sky brightness data. https://globeatnight.org/gan-mn/. Station registry: http://globeatnight-network.org/,"GaN-MN station AP (Hong Kong Astropark, Sai Kung); photometric inflection method; night median MSAS=18.83; MSAS at inflection=17.30; depression=9.86°; smoothing=5-pt median; dark rows=1267"
isha,2024-03-20,20:02,8,22.3755,114.2707,10.0,Globe at Night Monitoring Network (GaN-MN). Continuous SQM-LE sky brightness data. https://globeatnight.org/gan-mn/. Station registry: http://globeatnight-network.org/,"GaN-MN station AP (Hong Kong Astropark, Sai Kung); photometric inflection method; night median MSAS=18.27; MSAS at inflection=16.26; depression=21.15°; smoothing=5-pt median; dark rows=1265"
fajr,2024-03-21,05:18,8,22.3755,114.2707,10.0,Globe at Night Monitoring Network (GaN-MN). Continuous SQM-LE sky brightness data. https://globeatnight.org/gan-mn/. Station registry: http://globeatnight-network.org/,"GaN-MN station AP (Hong Kong Astropark, Sai Kung); photometric inflection method; night median MSAS=18.27; MSAS at inflection=20.09; depression=16.32°; smoothing=5-pt median; dark rows=1265"
isha,2024-03-21,19:06,8,22.3755,114.2707,10.0,Globe at Night Monitoring Network (GaN-MN). Continuous SQM-LE sky brightness data. https://globeatnight.org/gan-mn/. Station registry: http://globeatnight-network.org/,"GaN-MN station AP (Hong Kong Astropark, Sai Kung); photometric inflection method; night median MSAS=17.52; MSAS at inflection=15.86; depression=8.32°; smoothing=5-pt median; dark rows=1263"
fajr,2024-03-22,05:46,8,22.3755,114.2707,10.0,Globe at Night Monitoring Network (GaN-MN). Continuous SQM-LE sky brightness data. https://globeatnight.org/gan-mn/. Station registry: http://globeatnight-network.org/,"GaN-MN station AP (Hong Kong Astropark, Sai Kung); photometric inflection method; night median MSAS=17.52; MSAS at inflection=17.65; depression=9.77°; smoothing=5-pt median; dark rows=1263"
isha,2024-03-23,19:08,8,22.3755,114.2707,10.0,Globe at Night Monitoring Network (GaN-MN). Continuous SQM-LE sky brightness data. https://globeatnight.org/gan-mn/. Station registry: http://globeatnight-network.org/,"GaN-MN station AP (Hong Kong Astropark, Sai Kung); photometric inflection method; night median MSAS=17.60; MSAS at inflection=17.26; depression=8.61°; smoothing=5-pt median; dark rows=1257"
fajr,2024-03-24,04:52,8,22.3755,114.2707,10.0,Globe at Night Monitoring Network (GaN-MN). Continuous SQM-LE sky brightness data. https://globeatnight.org/gan-mn/. Station registry: http://globeatnight-network.org/,"GaN-MN station AP (Hong Kong Astropark, Sai Kung); photometric inflection method; night median MSAS=17.60; MSAS at inflection=18.97; depression=21.57°; smoothing=5-pt median; dark rows=1257"
isha,2024-03-26,19:08,8,22.3755,114.2707,10.0,Globe at Night Monitoring Network (GaN-MN). Continuous SQM-LE sky brightness data. https://globeatnight.org/gan-mn/. Station registry: http://globeatnight-network.org/,"GaN-MN station AP (Hong Kong Astropark, Sai Kung); photometric inflection method; night median MSAS=18.25; MSAS at inflection=16.26; depression=8.35°; smoothing=5-pt median; dark rows=1249"
fajr,2024-03-28,05:40,8,22.3755,114.2707,10.0,Globe at Night Monitoring Network (GaN-MN). Continuous SQM-LE sky brightness data. https://globeatnight.org/gan-mn/. Station registry: http://globeatnight-network.org/,"GaN-MN station AP (Hong Kong Astropark, Sai Kung); photometric inflection method; night median MSAS=18.38; MSAS at inflection=18.20; depression=9.82°; smoothing=5-pt median; dark rows=1246"
fajr,2024-03-29,05:48,8,22.3755,114.2707,10.0,Globe at Night Monitoring Network (GaN-MN). Continuous SQM-LE sky brightness data. https://globeatnight.org/gan-mn/. Station registry: http://globeatnight-network.org/,"GaN-MN station AP (Hong Kong Astropark, Sai Kung); photometric inflection method; night median MSAS=17.69; MSAS at inflection=15.55; depression=7.63°; smoothing=5-pt median; dark rows=1243"
isha,2024-03-29,19:11,8,22.3755,114.2707,10.0,Globe at Night Monitoring Network (GaN-MN). Continuous SQM-LE sky brightness data. https://globeatnight.org/gan-mn/. Station registry: http://globeatnight-network.org/,"GaN-MN station AP (Hong Kong Astropark, Sai Kung); photometric inflection method; night median MSAS=18.18; MSAS at inflection=17.17; depression=8.67°; smoothing=5-pt median; dark rows=1241"
isha,2024-03-30,19:25,8,22.3755,114.2707,10.0,Globe at Night Monitoring Network (GaN-MN). Continuous SQM-LE sky brightness data. https://globeatnight.org/gan-mn/. Station registry: http://globeatnight-network.org/,"GaN-MN station AP (Hong Kong Astropark, Sai Kung); photometric inflection method; night median MSAS=19.08; MSAS at inflection=18.96; depression=11.90°; smoothing=5-pt median; dark rows=1237"
fajr,2024-03-31,05:43,8,22.3755,114.2707,10.0,Globe at Night Monitoring Network (GaN-MN). Continuous SQM-LE sky brightness data. https://globeatnight.org/gan-mn/. Station registry: http://globeatnight-network.org/,"GaN-MN station AP (Hong Kong Astropark, Sai Kung); photometric inflection method; night median MSAS=19.08; MSAS at inflection=16.93; depression=8.47°; smoothing=5-pt median; dark rows=1237"
isha,2024-03-31,19:13,8,22.3755,114.2707,10.0,Globe at Night Monitoring Network (GaN-MN). Continuous SQM-LE sky brightness data. https://globeatnight.org/gan-mn/. Station registry: http://globeatnight-network.org/,"GaN-MN station AP (Hong Kong Astropark, Sai Kung); photometric inflection method; night median MSAS=19.91; MSAS at inflection=17.68; depression=9.07°; smoothing=5-pt median; dark rows=1235"
fajr,2024-04-01,05:15,8,22.3755,114.2707,10.0,Globe at Night Monitoring Network (GaN-MN). Continuous SQM-LE sky brightness data. https://globeatnight.org/gan-mn/. Station registry: http://globeatnight-network.org/,"GaN-MN station AP (Hong Kong Astropark, Sai Kung); photometric inflection method; night median MSAS=19.91; MSAS at inflection=18.48; depression=14.63°; smoothing=5-pt median; dark rows=1235"
fajr,2024-03-01,06:46,-5,35.95,-92.5833,220.0,Globe at Night Monitoring Network (GaN-MN). Continuous SQM-LE sky brightness data. https://globeatnight.org/gan-mn/. Station registry: http://globeatnight-network.org/,"GaN-MN station BMCO (Big Music Creek, Arkansas, USA); photometric inflection method; night median MSAS=19.70; MSAS at inflection=19.28; depression=11.46°; smoothing=5-pt median; dark rows=564"
fajr,2024-03-02,06:17,-5,35.95,-92.5833,220.0,Globe at Night Monitoring Network (GaN-MN). Continuous SQM-LE sky brightness data. https://globeatnight.org/gan-mn/. Station registry: http://globeatnight-network.org/,"GaN-MN station BMCO (Big Music Creek, Arkansas, USA); photometric inflection method; night median MSAS=20.83; MSAS at inflection=20.10; depression=17.24°; smoothing=5-pt median; dark rows=561"
fajr,2024-03-03,05:52,-5,35.95,-92.5833,220.0,Globe at Night Monitoring Network (GaN-MN). Continuous SQM-LE sky brightness data. https://globeatnight.org/gan-mn/. Station registry: http://globeatnight-network.org/,"GaN-MN station BMCO (Big Music Creek, Arkansas, USA); photometric inflection method; night median MSAS=21.34; MSAS at inflection=20.42; depression=21.98°; smoothing=5-pt median; dark rows=558"
fajr,2024-03-04,05:51,-5,35.95,-92.5833,220.0,Globe at Night Monitoring Network (GaN-MN). Continuous SQM-LE sky brightness data. https://globeatnight.org/gan-mn/. Station registry: http://globeatnight-network.org/,"GaN-MN station BMCO (Big Music Creek, Arkansas, USA); photometric inflection method; night median MSAS=21.52; MSAS at inflection=21.04; depression=21.88°; smoothing=5-pt median; dark rows=556"
fajr,2024-03-05,06:49,-5,35.95,-92.5833,220.0,Globe at Night Monitoring Network (GaN-MN). Continuous SQM-LE sky brightness data. https://globeatnight.org/gan-mn/. Station registry: http://globeatnight-network.org/,"GaN-MN station BMCO (Big Music Creek, Arkansas, USA); photometric inflection method; night median MSAS=20.69; MSAS at inflection=18.47; depression=9.87°; smoothing=5-pt median; dark rows=555"
fajr,2024-03-08,06:36,-5,35.95,-92.5833,220.0,Globe at Night Monitoring Network (GaN-MN). Continuous SQM-LE sky brightness data. https://globeatnight.org/gan-mn/. Station registry: http://globeatnight-network.org/,"GaN-MN station BMCO (Big Music Creek, Arkansas, USA); photometric inflection method; night median MSAS=21.11; MSAS at inflection=20.12; depression=11.77°; smoothing=5-pt median; dark rows=546"
fajr,2024-03-09,05:51,-5,35.95,-92.5833,220.0,Globe at Night Monitoring Network (GaN-MN). Continuous SQM-LE sky brightness data. https://globeatnight.org/gan-mn/. Station registry: http://globeatnight-network.org/,"GaN-MN station BMCO (Big Music Creek, Arkansas, USA); photometric inflection method; night median MSAS=21.97; MSAS at inflection=21.78; depression=20.51°; smoothing=5-pt median; dark rows=544"
isha,2024-03-10,20:42,-5,35.95,-92.5833,220.0,Globe at Night Monitoring Network (GaN-MN). Continuous SQM-LE sky brightness data. https://globeatnight.org/gan-mn/. Station registry: http://globeatnight-network.org/,"GaN-MN station BMCO (Big Music Creek, Arkansas, USA); photometric inflection method; night median MSAS=21.62; MSAS at inflection=21.34; depression=18.68°; smoothing=5-pt median; dark rows=561"
fajr,2024-03-11,05:41,-5,35.95,-92.5833,220.0,Globe at Night Monitoring Network (GaN-MN). Continuous SQM-LE sky brightness data. https://globeatnight.org/gan-mn/. Station registry: http://globeatnight-network.org/,"GaN-MN station BMCO (Big Music Creek, Arkansas, USA); photometric inflection method; night median MSAS=21.62; MSAS at inflection=21.63; depression=21.86°; smoothing=5-pt median; dark rows=561"
fajr,2024-03-12,05:59,-5,35.95,-92.5833,220.0,Globe at Night Monitoring Network (GaN-MN). Continuous SQM-LE sky brightness data. https://globeatnight.org/gan-mn/. Station registry: http://globeatnight-network.org/,"GaN-MN station BMCO (Big Music Creek, Arkansas, USA); photometric inflection method; night median MSAS=21.63; MSAS at inflection=21.54; depression=17.96°; smoothing=5-pt median; dark rows=559"
isha,2024-03-12,20:47,-5,35.95,-92.5833,220.0,Globe at Night Monitoring Network (GaN-MN). Continuous SQM-LE sky brightness data. https://globeatnight.org/gan-mn/. Station registry: http://globeatnight-network.org/,"GaN-MN station BMCO (Big Music Creek, Arkansas, USA); photometric inflection method; night median MSAS=21.49; MSAS at inflection=21.28; depression=19.37°; smoothing=5-pt median; dark rows=422"
fajr,2024-03-20,05:37,-5,35.95,-92.5833,220.0,Globe at Night Monitoring Network (GaN-MN). Continuous SQM-LE sky brightness data. https://globeatnight.org/gan-mn/. Station registry: http://globeatnight-network.org/,"GaN-MN station BMCO (Big Music Creek, Arkansas, USA); photometric inflection method; night median MSAS=19.17; MSAS at inflection=21.61; depression=20.01°; smoothing=5-pt median; dark rows=539"
isha,2024-03-20,20:50,-5,35.95,-92.5833,220.0,Globe at Night Monitoring Network (GaN-MN). Continuous SQM-LE sky brightness data. https://globeatnight.org/gan-mn/. Station registry: http://globeatnight-network.org/,"GaN-MN station BMCO (Big Music Creek, Arkansas, USA); photometric inflection method; night median MSAS=18.18; MSAS at inflection=17.50; depression=18.39°; smoothing=5-pt median; dark rows=536"
isha,2024-03-22,21:08,-5,35.95,-92.5833,220.0,Globe at Night Monitoring Network (GaN-MN). Continuous SQM-LE sky brightness data. https://globeatnight.org/gan-mn/. Station registry: http://globeatnight-network.org/,"GaN-MN station BMCO (Big Music Creek, Arkansas, USA); photometric inflection method; night median MSAS=17.56; MSAS at inflection=17.28; depression=21.55°; smoothing=5-pt median; dark rows=532"
fajr,2024-03-23,05:40,-5,35.95,-92.5833,220.0,Globe at Night Monitoring Network (GaN-MN). Continuous SQM-LE sky brightness data. https://globeatnight.org/gan-mn/. Station registry: http://globeatnight-network.org/,"GaN-MN station BMCO (Big Music Creek, Arkansas, USA); photometric inflection method; night median MSAS=17.56; MSAS at inflection=19.85; depression=18.42°; smoothing=5-pt median; dark rows=532"
isha,2024-03-24,21:06,-5,35.95,-92.5833,220.0,Globe at Night Monitoring Network (GaN-MN). Continuous SQM-LE sky brightness data. https://globeatnight.org/gan-mn/. Station registry: http://globeatnight-network.org/,"GaN-MN station BMCO (Big Music Creek, Arkansas, USA); photometric inflection method; night median MSAS=17.94; MSAS at inflection=19.03; depression=20.84°; smoothing=5-pt median; dark rows=526"
isha,2024-03-25,20:55,-5,35.95,-92.5833,220.0,Globe at Night Monitoring Network (GaN-MN). Continuous SQM-LE sky brightness data. https://globeatnight.org/gan-mn/. Station registry: http://globeatnight-network.org/,"GaN-MN station BMCO (Big Music Creek, Arkansas, USA); photometric inflection method; night median MSAS=17.81; MSAS at inflection=18.98; depression=18.36°; smoothing=5-pt median; dark rows=523"
fajr,2024-03-26,05:37,-5,35.95,-92.5833,220.0,Globe at Night Monitoring Network (GaN-MN). Continuous SQM-LE sky brightness data. https://globeatnight.org/gan-mn/. Station registry: http://globeatnight-network.org/,"GaN-MN station BMCO (Big Music Creek, Arkansas, USA); photometric inflection method; night median MSAS=17.81; MSAS at inflection=17.73; depression=18.20°; smoothing=5-pt median; dark rows=523"
isha,2024-03-26,21:04,-5,35.95,-92.5833,220.0,Globe at Night Monitoring Network (GaN-MN). Continuous SQM-LE sky brightness data. https://globeatnight.org/gan-mn/. Station registry: http://globeatnight-network.org/,"GaN-MN station BMCO (Big Music Creek, Arkansas, USA); photometric inflection method; night median MSAS=18.93; MSAS at inflection=21.01; depression=19.93°; smoothing=5-pt median; dark rows=521"
fajr,2024-03-27,05:21,-5,35.95,-92.5833,220.0,Globe at Night Monitoring Network (GaN-MN). Continuous SQM-LE sky brightness data. https://globeatnight.org/gan-mn/. Station registry: http://globeatnight-network.org/,"GaN-MN station BMCO (Big Music Creek, Arkansas, USA); photometric inflection method; night median MSAS=18.93; MSAS at inflection=17.89; depression=20.93°; smoothing=5-pt median; dark rows=521"
isha,2024-03-28,20:58,-5,35.95,-92.5833,220.0,Globe at Night Monitoring Network (GaN-MN). Continuous SQM-LE sky brightness data. https://globeatnight.org/gan-mn/. Station registry: http://globeatnight-network.org/,"GaN-MN station BMCO (Big Music Creek, Arkansas, USA); photometric inflection method; night median MSAS=21.42; MSAS at inflection=21.38; depression=18.45°; smoothing=5-pt median; dark rows=62"
isha,2024-03-19,19:30,9,37.456,126.9522,80.0,Globe at Night Monitoring Network (GaN-MN). Continuous SQM-LE sky brightness data. https://globeatnight.org/gan-mn/. Station registry: http://globeatnight-network.org/,"GaN-MN station CEOU (Seoul National University, Korea); photometric inflection method; night median MSAS=17.57; MSAS at inflection=15.46; depression=10.10°; smoothing=5-pt median; dark rows=1239"
isha,2024-03-30,19:28,9,37.456,126.9522,80.0,Globe at Night Monitoring Network (GaN-MN). Continuous SQM-LE sky brightness data. https://globeatnight.org/gan-mn/. Station registry: http://globeatnight-network.org/,"GaN-MN station CEOU (Seoul National University, Korea); photometric inflection method; night median MSAS=17.67; MSAS at inflection=15.83; depression=7.82°; smoothing=5-pt median; dark rows=1184"
fajr,2024-03-04,06:12,9,35.8714,128.6014,55.0,Globe at Night Monitoring Network (GaN-MN). Continuous SQM-LE sky brightness data. https://globeatnight.org/gan-mn/. Station registry: http://globeatnight-network.org/,"GaN-MN station DNSM (Daegu National Science Museum, Korea); photometric inflection method; night median MSAS=17.80; MSAS at inflection=16.48; depression=8.83°; smoothing=5-pt median; dark rows=1317"
isha,2024-03-01,19:01,1,51.7667,13.7667,90.0,Globe at Night Monitoring Network (GaN-MN). Continuous SQM-LE sky brightness data. https://globeatnight.org/gan-mn/. Station registry: http://globeatnight-network.org/,"GaN-MN station ELO (South-Brandenburg, Germany); photometric inflection method; night median MSAS=21.03; MSAS at inflection=19.92; depression=12.45°; smoothing=5-pt median; dark rows=1296"
isha,2024-03-02,19:31,1,51.7667,13.7667,90.0,Globe at Night Monitoring Network (GaN-MN). Continuous SQM-LE sky brightness data. https://globeatnight.org/gan-mn/. Station registry: http://globeatnight-network.org/,"GaN-MN station ELO (South-Brandenburg, Germany); photometric inflection method; night median MSAS=21.14; MSAS at inflection=21.25; depression=16.78°; smoothing=5-pt median; dark rows=1291"
isha,2024-03-03,19:01,1,51.7667,13.7667,90.0,Globe at Night Monitoring Network (GaN-MN). Continuous SQM-LE sky brightness data. https://globeatnight.org/gan-mn/. Station registry: http://globeatnight-network.org/,"GaN-MN station ELO (South-Brandenburg, Germany); photometric inflection method; night median MSAS=21.83; MSAS at inflection=19.86; depression=11.93°; smoothing=5-pt median; dark rows=1282"
isha,2024-03-04,19:30,1,51.7667,13.7667,90.0,Globe at Night Monitoring Network (GaN-MN). Continuous SQM-LE sky brightness data. https://globeatnight.org/gan-mn/. Station registry: http://globeatnight-network.org/,"GaN-MN station ELO (South-Brandenburg, Germany); photometric inflection method; night median MSAS=21.15; MSAS at inflection=20.66; depression=16.10°; smoothing=5-pt median; dark rows=1271"
isha,2024-03-05,19:30,1,51.7667,13.7667,90.0,Globe at Night Monitoring Network (GaN-MN). Continuous SQM-LE sky brightness data. https://globeatnight.org/gan-mn/. Station registry: http://globeatnight-network.org/,"GaN-MN station ELO (South-Brandenburg, Germany); photometric inflection method; night median MSAS=21.35; MSAS at inflection=21.30; depression=15.94°; smoothing=5-pt median; dark rows=1266"
isha,2024-03-08,19:20,1,51.7667,13.7667,90.0,Globe at Night Monitoring Network (GaN-MN). Continuous SQM-LE sky brightness data. https://globeatnight.org/gan-mn/. Station registry: http://globeatnight-network.org/,"GaN-MN station ELO (South-Brandenburg, Germany); photometric inflection method; night median MSAS=21.66; MSAS at inflection=20.71; depression=13.52°; smoothing=5-pt median; dark rows=1239"
isha,2024-03-09,19:57,1,51.7667,13.7667,90.0,Globe at Night Monitoring Network (GaN-MN). Continuous SQM-LE sky brightness data. https://globeatnight.org/gan-mn/. Station registry: http://globeatnight-network.org/,"GaN-MN station ELO (South-Brandenburg, Germany); photometric inflection method; night median MSAS=21.37; MSAS at inflection=20.57; depression=18.83°; smoothing=5-pt median; dark rows=1230"
isha,2024-03-10,19:43,1,51.7667,13.7667,90.0,Globe at Night Monitoring Network (GaN-MN). Continuous SQM-LE sky brightness data. https://globeatnight.org/gan-mn/. Station registry: http://globeatnight-network.org/,"GaN-MN station ELO (South-Brandenburg, Germany); photometric inflection method; night median MSAS=21.04; MSAS at inflection=20.62; depression=16.47°; smoothing=5-pt median; dark rows=1223"
fajr,2024-03-11,04:14,1,51.7667,13.7667,90.0,Globe at Night Monitoring Network (GaN-MN). Continuous SQM-LE sky brightness data. https://globeatnight.org/gan-mn/. Station registry: http://globeatnight-network.org/,"GaN-MN station ELO (South-Brandenburg, Germany); photometric inflection method; night median MSAS=21.04; MSAS at inflection=20.92; depression=21.07°; smoothing=5-pt median; dark rows=1223"
isha,2024-03-11,19:59,1,51.7667,13.7667,90.0,Globe at Night Monitoring Network (GaN-MN). Continuous SQM-LE sky brightness data. https://globeatnight.org/gan-mn/. Station registry: http://globeatnight-network.org/,"GaN-MN station ELO (South-Brandenburg, Germany); photometric inflection method; night median MSAS=21.13; MSAS at inflection=21.02; depression=18.49°; smoothing=5-pt median; dark rows=1208"
fajr,2024-03-12,05:00,1,51.7667,13.7667,90.0,Globe at Night Monitoring Network (GaN-MN). Continuous SQM-LE sky brightness data. https://globeatnight.org/gan-mn/. Station registry: http://globeatnight-network.org/,"GaN-MN station ELO (South-Brandenburg, Germany); photometric inflection method; night median MSAS=21.13; MSAS at inflection=20.98; depression=13.80°; smoothing=5-pt median; dark rows=1208"
fajr,2024-03-13,05:05,1,51.7667,13.7667,90.0,Globe at Night Monitoring Network (GaN-MN). Continuous SQM-LE sky brightness data. https://globeatnight.org/gan-mn/. Station registry: http://globeatnight-network.org/,"GaN-MN station ELO (South-Brandenburg, Germany); photometric inflection method; night median MSAS=21.22; MSAS at inflection=20.49; depression=12.82°; smoothing=5-pt median; dark rows=1207"
isha,2024-03-14,20:21,1,51.7667,13.7667,90.0,Globe at Night Monitoring Network (GaN-MN). Continuous SQM-LE sky brightness data. https://globeatnight.org/gan-mn/. Station registry: http://globeatnight-network.org/,"GaN-MN station ELO (South-Brandenburg, Germany); photometric inflection method; night median MSAS=21.31; MSAS at inflection=20.28; depression=20.83°; smoothing=5-pt median; dark rows=1197"
isha,2024-03-18,20:28,1,51.7667,13.7667,90.0,Globe at Night Monitoring Network (GaN-MN). Continuous SQM-LE sky brightness data. https://globeatnight.org/gan-mn/. Station registry: http://globeatnight-network.org/,"GaN-MN station ELO (South-Brandenburg, Germany); photometric inflection method; night median MSAS=20.23; MSAS at inflection=19.38; depression=20.71°; smoothing=5-pt median; dark rows=1155"
fajr,2024-03-20,04:35,1,51.7667,13.7667,90.0,Globe at Night Monitoring Network (GaN-MN). Continuous SQM-LE sky brightness data. https://globeatnight.org/gan-mn/. Station registry: http://globeatnight-network.org/,"GaN-MN station ELO (South-Brandenburg, Germany); photometric inflection method; night median MSAS=19.01; MSAS at inflection=20.75; depression=14.70°; smoothing=5-pt median; dark rows=1152"
isha,2024-03-20,20:15,1,51.7667,13.7667,90.0,Globe at Night Monitoring Network (GaN-MN). Continuous SQM-LE sky brightness data. https://globeatnight.org/gan-mn/. Station registry: http://globeatnight-network.org/,"GaN-MN station ELO (South-Brandenburg, Germany); photometric inflection method; night median MSAS=18.46; MSAS at inflection=17.73; depression=18.29°; smoothing=5-pt median; dark rows=1147"
isha,2024-03-22,19:15,1,51.7667,13.7667,90.0,Globe at Night Monitoring Network (GaN-MN). Continuous SQM-LE sky brightness data. https://globeatnight.org/gan-mn/. Station registry: http://globeatnight-network.org/,"GaN-MN station ELO (South-Brandenburg, Germany); photometric inflection method; night median MSAS=18.59; MSAS at inflection=17.47; depression=9.06°; smoothing=5-pt median; dark rows=1128"
isha,2024-03-23,20:20,1,51.7667,13.7667,90.0,Globe at Night Monitoring Network (GaN-MN). Continuous SQM-LE sky brightness data. https://globeatnight.org/gan-mn/. Station registry: http://globeatnight-network.org/,"GaN-MN station ELO (South-Brandenburg, Germany); photometric inflection method; night median MSAS=18.54; MSAS at inflection=18.31; depression=18.09°; smoothing=5-pt median; dark rows=1120"
isha,2024-03-24,19:25,1,51.7667,13.7667,90.0,Globe at Night Monitoring Network (GaN-MN). Continuous SQM-LE sky brightness data. https://globeatnight.org/gan-mn/. Station registry: http://globeatnight-network.org/,"GaN-MN station ELO (South-Brandenburg, Germany); photometric inflection method; night median MSAS=17.63; MSAS at inflection=17.81; depression=9.98°; smoothing=5-pt median; dark rows=1112"
isha,2024-03-25,20:38,1,51.7667,13.7667,90.0,Globe at Night Monitoring Network (GaN-MN). Continuous SQM-LE sky brightness data. https://globeatnight.org/gan-mn/. Station registry: http://globeatnight-network.org/,"GaN-MN station ELO (South-Brandenburg, Germany); photometric inflection method; night median MSAS=18.61; MSAS at inflection=18.29; depression=19.93°; smoothing=5-pt median; dark rows=1102"
isha,2024-03-26,19:38,1,51.7667,13.7667,90.0,Globe at Night Monitoring Network (GaN-MN). Continuous SQM-LE sky brightness data. https://globeatnight.org/gan-mn/. Station registry: http://globeatnight-network.org/,"GaN-MN station ELO (South-Brandenburg, Germany); photometric inflection method; night median MSAS=19.08; MSAS at inflection=19.32; depression=11.24°; smoothing=5-pt median; dark rows=1097"
isha,2024-03-29,20:01,1,51.7667,13.7667,90.0,Globe at Night Monitoring Network (GaN-MN). Continuous SQM-LE sky brightness data. https://globeatnight.org/gan-mn/. Station registry: http://globeatnight-network.org/,"GaN-MN station ELO (South-Brandenburg, Germany); photometric inflection method; night median MSAS=20.57; MSAS at inflection=20.49; depression=13.83°; smoothing=5-pt median; dark rows=1072"
fajr,2024-03-31,03:37,1,51.7667,13.7667,90.0,Globe at Night Monitoring Network (GaN-MN). Continuous SQM-LE sky brightness data. https://globeatnight.org/gan-mn/. Station registry: http://globeatnight-network.org/,"GaN-MN station ELO (South-Brandenburg, Germany); photometric inflection method; night median MSAS=20.50; MSAS at inflection=20.57; depression=18.72°; smoothing=5-pt median; dark rows=1061"
fajr,2024-03-12,05:08,8,22.4924,114.1393,20.0,Globe at Night Monitoring Network (GaN-MN). Continuous SQM-LE sky brightness data. https://globeatnight.org/gan-mn/. Station registry: http://globeatnight-network.org/,"GaN-MN station FKYC (Fanling, Hong Kong); photometric inflection method; night median MSAS=18.67; MSAS at inflection=18.91; depression=20.90°; smoothing=5-pt median; dark rows=1289"
isha,2024-03-11,20:02,8,22.3719,114.1133,80.0,Globe at Night Monitoring Network (GaN-MN). Continuous SQM-LE sky brightness data. https://globeatnight.org/gan-mn/. Station registry: http://globeatnight-network.org/,"GaN-MN station HKn (Ho Koon, Tsuen Wan, Hong Kong); photometric inflection method; night median MSAS=19.60; MSAS at inflection=18.73; depression=21.79°; smoothing=5-pt median; dark rows=1289"
isha,2024-03-16,19:03,8,22.3719,114.1133,80.0,Globe at Night Monitoring Network (GaN-MN). Continuous SQM-LE sky brightness data. https://globeatnight.org/gan-mn/. Station registry: http://globeatnight-network.org/,"GaN-MN station HKn (Ho Koon, Tsuen Wan, Hong Kong); photometric inflection method; night median MSAS=17.77; MSAS at inflection=15.52; depression=7.70°; smoothing=5-pt median; dark rows=1276"
fajr,2024-03-21,05:36,8,22.3719,114.1133,80.0,Globe at Night Monitoring Network (GaN-MN). Continuous SQM-LE sky brightness data. https://globeatnight.org/gan-mn/. Station registry: http://globeatnight-network.org/,"GaN-MN station HKn (Ho Koon, Tsuen Wan, Hong Kong); photometric inflection method; night median MSAS=17.85; MSAS at inflection=19.07; depression=12.49°; smoothing=5-pt median; dark rows=1265"
isha,2024-03-01,18:30,8,24.1488,121.3239,2800.0,Globe at Night Monitoring Network (GaN-MN). Continuous SQM-LE sky brightness data. https://globeatnight.org/gan-mn/. Station registry: http://globeatnight-network.org/,"GaN-MN station Heh (Taroko National Park, Taiwan); photometric inflection method; night median MSAS=20.06; MSAS at inflection=17.75; depression=8.40°; smoothing=5-pt median; dark rows=1315"
isha,2024-03-02,18:39,8,24.1488,121.3239,2800.0,Globe at Night Monitoring Network (GaN-MN). Continuous SQM-LE sky brightness data. https://globeatnight.org/gan-mn/. Station registry: http://globeatnight-network.org/,"GaN-MN station Heh (Taroko National Park, Taiwan); photometric inflection method; night median MSAS=19.67; MSAS at inflection=19.07; depression=10.35°; smoothing=5-pt median; dark rows=1313"
fajr,2024-03-06,04:55,8,24.1488,121.3239,2800.0,Globe at Night Monitoring Network (GaN-MN). Continuous SQM-LE sky brightness data. https://globeatnight.org/gan-mn/. Station registry: http://globeatnight-network.org/,"GaN-MN station Heh (Taroko National Park, Taiwan); photometric inflection method; night median MSAS=20.02; MSAS at inflection=21.22; depression=18.39°; smoothing=5-pt median; dark rows=1305"
isha,2024-03-06,18:56,8,24.1488,121.3239,2800.0,Globe at Night Monitoring Network (GaN-MN). Continuous SQM-LE sky brightness data. https://globeatnight.org/gan-mn/. Station registry: http://globeatnight-network.org/,"GaN-MN station Heh (Taroko National Park, Taiwan); photometric inflection method; night median MSAS=20.13; MSAS at inflection=20.25; depression=13.71°; smoothing=5-pt median; dark rows=1302"
fajr,2024-03-08,04:40,8,24.1488,121.3239,2800.0,Globe at Night Monitoring Network (GaN-MN). Continuous SQM-LE sky brightness data. https://globeatnight.org/gan-mn/. Station registry: http://globeatnight-network.org/,"GaN-MN station Heh (Taroko National Park, Taiwan); photometric inflection method; night median MSAS=20.17; MSAS at inflection=21.07; depression=21.26°; smoothing=5-pt median; dark rows=1299"
isha,2024-03-09,18:52,8,24.1488,121.3239,2800.0,Globe at Night Monitoring Network (GaN-MN). Continuous SQM-LE sky brightness data. https://globeatnight.org/gan-mn/. Station registry: http://globeatnight-network.org/,"GaN-MN station Heh (Taroko National Park, Taiwan); photometric inflection method; night median MSAS=20.33; MSAS at inflection=19.14; depression=12.57°; smoothing=5-pt median; dark rows=1291"
isha,2024-03-15,19:28,8,24.1488,121.3239,2800.0,Globe at Night Monitoring Network (GaN-MN). Continuous SQM-LE sky brightness data. https://globeatnight.org/gan-mn/. Station registry: http://globeatnight-network.org/,"GaN-MN station Heh (Taroko National Park, Taiwan); photometric inflection method; night median MSAS=21.16; MSAS at inflection=19.62; depression=20.12°; smoothing=5-pt median; dark rows=1277"
fajr,2024-03-16,05:12,8,24.1488,121.3239,2800.0,Globe at Night Monitoring Network (GaN-MN). Continuous SQM-LE sky brightness data. https://globeatnight.org/gan-mn/. Station registry: http://globeatnight-network.org/,"GaN-MN station Heh (Taroko National Park, Taiwan); photometric inflection method; night median MSAS=21.16; MSAS at inflection=19.88; depression=12.39°; smoothing=5-pt median; dark rows=1277"
fajr,2024-03-17,05:09,8,24.1488,121.3239,2800.0,Globe at Night Monitoring Network (GaN-MN). Continuous SQM-LE sky brightness data. https://globeatnight.org/gan-mn/. Station registry: http://globeatnight-network.org/,"GaN-MN station Heh (Taroko National Park, Taiwan); photometric inflection method; night median MSAS=21.06; MSAS at inflection=20.16; depression=12.84°; smoothing=5-pt median; dark rows=1274"
fajr,2024-03-19,04:39,8,24.1488,121.3239,2800.0,Globe at Night Monitoring Network (GaN-MN). Continuous SQM-LE sky brightness data. https://globeatnight.org/gan-mn/. Station registry: http://globeatnight-network.org/,"GaN-MN station Heh (Taroko National Park, Taiwan); photometric inflection method; night median MSAS=19.54; MSAS at inflection=20.26; depression=19.05°; smoothing=5-pt median; dark rows=1268"
isha,2024-03-21,19:10,8,24.1488,121.3239,2800.0,Globe at Night Monitoring Network (GaN-MN). Continuous SQM-LE sky brightness data. https://globeatnight.org/gan-mn/. Station registry: http://globeatnight-network.org/,"GaN-MN station Heh (Taroko National Park, Taiwan); photometric inflection method; night median MSAS=18.29; MSAS at inflection=17.78; depression=15.51°; smoothing=5-pt median; dark rows=1260"
isha,2024-03-25,19:04,8,24.1488,121.3239,2800.0,Globe at Night Monitoring Network (GaN-MN). Continuous SQM-LE sky brightness data. https://globeatnight.org/gan-mn/. Station registry: http://globeatnight-network.org/,"GaN-MN station Heh (Taroko National Park, Taiwan); photometric inflection method; night median MSAS=18.11; MSAS at inflection=19.17; depression=13.73°; smoothing=5-pt median; dark rows=945"
isha,2024-03-14,19:52,7,18.549,98.487,2565.0,Globe at Night Monitoring Network (GaN-MN). Continuous SQM-LE sky brightness data. https://globeatnight.org/gan-mn/. Station registry: http://globeatnight-network.org/,"GaN-MN station ISTC (Inthanon Mountain, Thailand); photometric inflection method; night median MSAS=18.43; MSAS at inflection=18.05; depression=18.95°; smoothing=5-pt median; dark rows=1282"
fajr,2024-03-31,04:57,7,18.549,98.487,2565.0,Globe at Night Monitoring Network (GaN-MN). Continuous SQM-LE sky brightness data. https://globeatnight.org/gan-mn/. Station registry: http://globeatnight-network.org/,"GaN-MN station ISTC (Inthanon Mountain, Thailand); photometric inflection method; night median MSAS=18.28; MSAS at inflection=18.43; depression=20.35°; smoothing=5-pt median; dark rows=1246"
fajr,2024-03-14,04:56,1,59.0028,16.2068,50.0,Globe at Night Monitoring Network (GaN-MN). Continuous SQM-LE sky brightness data. https://globeatnight.org/gan-mn/. Station registry: http://globeatnight-network.org/,"GaN-MN station KO (Kolstugan Observatory, Katrineholm, Sweden); photometric inflection method; night median MSAS=20.72; MSAS at inflection=19.05; depression=10.68°; smoothing=5-pt median; dark rows=1190"
fajr,2024-03-20,04:35,1,59.0028,16.2068,50.0,Globe at Night Monitoring Network (GaN-MN). Continuous SQM-LE sky brightness data. https://globeatnight.org/gan-mn/. Station registry: http://globeatnight-network.org/,"GaN-MN station KO (Kolstugan Observatory, Katrineholm, Sweden); photometric inflection method; night median MSAS=18.77; MSAS at inflection=18.90; depression=11.02°; smoothing=5-pt median; dark rows=1084"
isha,2024-03-22,19:42,1,59.0028,16.2068,50.0,Globe at Night Monitoring Network (GaN-MN). Continuous SQM-LE sky brightness data. https://globeatnight.org/gan-mn/. Station registry: http://globeatnight-network.org/,"GaN-MN station KO (Kolstugan Observatory, Katrineholm, Sweden); photometric inflection method; night median MSAS=18.61; MSAS at inflection=17.73; depression=11.76°; smoothing=5-pt median; dark rows=1055"
fajr,2024-03-24,04:10,1,59.0028,16.2068,50.0,Globe at Night Monitoring Network (GaN-MN). Continuous SQM-LE sky brightness data. https://globeatnight.org/gan-mn/. Station registry: http://globeatnight-network.org/,"GaN-MN station KO (Kolstugan Observatory, Katrineholm, Sweden); photometric inflection method; night median MSAS=17.94; MSAS at inflection=18.38; depression=12.49°; smoothing=5-pt median; dark rows=1037"
fajr,2024-03-12,05:06,8,22.3125,114.1753,65.0,Globe at Night Monitoring Network (GaN-MN). Continuous SQM-LE sky brightness data. https://globeatnight.org/gan-mn/. Station registry: http://globeatnight-network.org/,"GaN-MN station KP (King's Park, Hong Kong Observatory); photometric inflection method; night median MSAS=17.76; MSAS at inflection=17.95; depression=21.34°; smoothing=5-pt median; dark rows=1289"
isha,2024-03-01,20:13,2,-24.9667,15.95,1250.0,Globe at Night Monitoring Network (GaN-MN). Continuous SQM-LE sky brightness data. https://globeatnight.org/gan-mn/. Station registry: http://globeatnight-network.org/,"GaN-MN station Nrnr (NamibRand Nature Reserve, Namibia); photometric inflection method; night median MSAS=19.37; MSAS at inflection=19.03; depression=11.41°; smoothing=5-pt median; dark rows=121"
fajr,2024-03-06,05:28,2,-24.9667,15.95,1250.0,Globe at Night Monitoring Network (GaN-MN). Continuous SQM-LE sky brightness data. https://globeatnight.org/gan-mn/. Station registry: http://globeatnight-network.org/,"GaN-MN station Nrnr (NamibRand Nature Reserve, Namibia); photometric inflection method; night median MSAS=21.98; MSAS at inflection=21.32; depression=19.74°; smoothing=5-pt median; dark rows=122"
isha,2024-03-06,20:18,2,-24.9667,15.95,1250.0,Globe at Night Monitoring Network (GaN-MN). Continuous SQM-LE sky brightness data. https://globeatnight.org/gan-mn/. Station registry: http://globeatnight-network.org/,"GaN-MN station Nrnr (NamibRand Nature Reserve, Namibia); photometric inflection method; night median MSAS=22.06; MSAS at inflection=21.11; depression=13.70°; smoothing=5-pt median; dark rows=122"
isha,2024-03-07,20:08,2,-24.9667,15.95,1250.0,Globe at Night Monitoring Network (GaN-MN). Continuous SQM-LE sky brightness data. https://globeatnight.org/gan-mn/. Station registry: http://globeatnight-network.org/,"GaN-MN station Nrnr (NamibRand Nature Reserve, Namibia); photometric inflection method; night median MSAS=22.05; MSAS at inflection=19.55; depression=11.75°; smoothing=5-pt median; dark rows=123"
isha,2024-03-08,20:13,2,-24.9667,15.95,1250.0,Globe at Night Monitoring Network (GaN-MN). Continuous SQM-LE sky brightness data. https://globeatnight.org/gan-mn/. Station registry: http://globeatnight-network.org/,"GaN-MN station Nrnr (NamibRand Nature Reserve, Namibia); photometric inflection method; night median MSAS=22.09; MSAS at inflection=20.68; depression=13.08°; smoothing=5-pt median; dark rows=123"
fajr,2024-03-09,06:03,2,-24.9667,15.95,1250.0,Globe at Night Monitoring Network (GaN-MN). Continuous SQM-LE sky brightness data. https://globeatnight.org/gan-mn/. Station registry: http://globeatnight-network.org/,"GaN-MN station Nrnr (NamibRand Nature Reserve, Namibia); photometric inflection method; night median MSAS=22.09; MSAS at inflection=20.25; depression=12.37°; smoothing=5-pt median; dark rows=123"
fajr,2024-03-13,06:03,2,-24.9667,15.95,1250.0,Globe at Night Monitoring Network (GaN-MN). Continuous SQM-LE sky brightness data. https://globeatnight.org/gan-mn/. Station registry: http://globeatnight-network.org/,"GaN-MN station Nrnr (NamibRand Nature Reserve, Namibia); photometric inflection method; night median MSAS=22.74; MSAS at inflection=21.23; depression=12.80°; smoothing=5-pt median; dark rows=122"
fajr,2024-03-16,05:45,2,-24.9667,15.95,1250.0,Globe at Night Monitoring Network (GaN-MN). Continuous SQM-LE sky brightness data. https://globeatnight.org/gan-mn/. Station registry: http://globeatnight-network.org/,"GaN-MN station Nrnr (NamibRand Nature Reserve, Namibia); photometric inflection method; night median MSAS=21.99; MSAS at inflection=21.72; depression=17.29°; smoothing=5-pt median; dark rows=125"
fajr,2024-03-21,06:24,2,-24.9667,15.95,1250.0,Globe at Night Monitoring Network (GaN-MN). Continuous SQM-LE sky brightness data. https://globeatnight.org/gan-mn/. Station registry: http://globeatnight-network.org/,"GaN-MN station Nrnr (NamibRand Nature Reserve, Namibia); photometric inflection method; night median MSAS=19.76; MSAS at inflection=17.59; depression=8.88°; smoothing=5-pt median; dark rows=126"
isha,2024-03-21,20:04,2,-24.9667,15.95,1250.0,Globe at Night Monitoring Network (GaN-MN). Continuous SQM-LE sky brightness data. https://globeatnight.org/gan-mn/. Station registry: http://globeatnight-network.org/,"GaN-MN station Nrnr (NamibRand Nature Reserve, Namibia); photometric inflection method; night median MSAS=18.77; MSAS at inflection=19.53; depression=14.26°; smoothing=5-pt median; dark rows=127"
isha,2024-03-22,19:45,2,-24.9667,15.95,1250.0,Globe at Night Monitoring Network (GaN-MN). Continuous SQM-LE sky brightness data. https://globeatnight.org/gan-mn/. Station registry: http://globeatnight-network.org/,"GaN-MN station Nrnr (NamibRand Nature Reserve, Namibia); photometric inflection method; night median MSAS=18.48; MSAS at inflection=17.09; depression=10.02°; smoothing=5-pt median; dark rows=128"
fajr,2024-03-24,06:30,2,-24.9667,15.95,1250.0,Globe at Night Monitoring Network (GaN-MN). Continuous SQM-LE sky brightness data. https://globeatnight.org/gan-mn/. Station registry: http://globeatnight-network.org/,"GaN-MN station Nrnr (NamibRand Nature Reserve, Namibia); photometric inflection method; night median MSAS=18.52; MSAS at inflection=16.39; depression=7.98°; smoothing=5-pt median; dark rows=128"
isha,2024-03-24,19:50,2,-24.9667,15.95,1250.0,Globe at Night Monitoring Network (GaN-MN). Continuous SQM-LE sky brightness data. https://globeatnight.org/gan-mn/. Station registry: http://globeatnight-network.org/,"GaN-MN station Nrnr (NamibRand Nature Reserve, Namibia); photometric inflection method; night median MSAS=18.05; MSAS at inflection=19.06; depression=11.61°; smoothing=5-pt median; dark rows=127"
fajr,2024-03-25,05:35,2,-24.9667,15.95,1250.0,Globe at Night Monitoring Network (GaN-MN). Continuous SQM-LE sky brightness data. https://globeatnight.org/gan-mn/. Station registry: http://globeatnight-network.org/,"GaN-MN station Nrnr (NamibRand Nature Reserve, Namibia); photometric inflection method; night median MSAS=18.05; MSAS at inflection=19.20; depression=20.51°; smoothing=5-pt median; dark rows=127"
isha,2024-03-26,19:50,2,-24.9667,15.95,1250.0,Globe at Night Monitoring Network (GaN-MN). Continuous SQM-LE sky brightness data. https://globeatnight.org/gan-mn/. Station registry: http://globeatnight-network.org/,"GaN-MN station Nrnr (NamibRand Nature Reserve, Namibia); photometric inflection method; night median MSAS=17.91; MSAS at inflection=19.46; depression=12.10°; smoothing=5-pt median; dark rows=128"
fajr,2024-03-27,06:20,2,-24.9667,15.95,1250.0,Globe at Night Monitoring Network (GaN-MN). Continuous SQM-LE sky brightness data. https://globeatnight.org/gan-mn/. Station registry: http://globeatnight-network.org/,"GaN-MN station Nrnr (NamibRand Nature Reserve, Namibia); photometric inflection method; night median MSAS=17.91; MSAS at inflection=18.36; depression=10.53°; smoothing=5-pt median; dark rows=128"
isha,2024-03-27,19:40,2,-24.9667,15.95,1250.0,Globe at Night Monitoring Network (GaN-MN). Continuous SQM-LE sky brightness data. https://globeatnight.org/gan-mn/. Station registry: http://globeatnight-network.org/,"GaN-MN station Nrnr (NamibRand Nature Reserve, Namibia); photometric inflection method; night median MSAS=18.36; MSAS at inflection=17.87; depression=10.09°; smoothing=5-pt median; dark rows=129"
isha,2024-03-29,19:40,2,-24.9667,15.95,1250.0,Globe at Night Monitoring Network (GaN-MN). Continuous SQM-LE sky brightness data. https://globeatnight.org/gan-mn/. Station registry: http://globeatnight-network.org/,"GaN-MN station Nrnr (NamibRand Nature Reserve, Namibia); photometric inflection method; night median MSAS=19.52; MSAS at inflection=18.38; depression=10.57°; smoothing=5-pt median; dark rows=125"
isha,2024-03-30,19:35,2,-24.9667,15.95,1250.0,Globe at Night Monitoring Network (GaN-MN). Continuous SQM-LE sky brightness data. https://globeatnight.org/gan-mn/. Station registry: http://globeatnight-network.org/,"GaN-MN station Nrnr (NamibRand Nature Reserve, Namibia); photometric inflection method; night median MSAS=19.66; MSAS at inflection=17.49; depression=9.68°; smoothing=5-pt median; dark rows=129"
fajr,2024-03-31,06:20,2,-24.9667,15.95,1250.0,Globe at Night Monitoring Network (GaN-MN). Continuous SQM-LE sky brightness data. https://globeatnight.org/gan-mn/. Station registry: http://globeatnight-network.org/,"GaN-MN station Nrnr (NamibRand Nature Reserve, Namibia); photometric inflection method; night median MSAS=19.66; MSAS at inflection=17.34; depression=10.86°; smoothing=5-pt median; dark rows=129"
isha,2024-03-31,20:00,2,-24.9667,15.95,1250.0,Globe at Night Monitoring Network (GaN-MN). Continuous SQM-LE sky brightness data. https://globeatnight.org/gan-mn/. Station registry: http://globeatnight-network.org/,"GaN-MN station Nrnr (NamibRand Nature Reserve, Namibia); photometric inflection method; night median MSAS=21.91; MSAS at inflection=21.70; depression=15.59°; smoothing=5-pt median; dark rows=76"
isha,2024-03-03,22:11,13,-45.0966,170.9694,30.0,Globe at Night Monitoring Network (GaN-MN). Continuous SQM-LE sky brightness data. https://globeatnight.org/gan-mn/. Station registry: http://globeatnight-network.org/,"GaN-MN station Oam (Oamaru, South Island, New Zealand); photometric inflection method; night median MSAS=19.84; MSAS at inflection=20.68; depression=19.27°; smoothing=5-pt median; dark rows=1100"
isha,2024-03-22,20:41,13,-45.0966,170.9694,30.0,Globe at Night Monitoring Network (GaN-MN). Continuous SQM-LE sky brightness data. https://globeatnight.org/gan-mn/. Station registry: http://globeatnight-network.org/,"GaN-MN station Oam (Oamaru, South Island, New Zealand); photometric inflection method; night median MSAS=18.02; MSAS at inflection=18.36; depression=10.91°; smoothing=5-pt median; dark rows=1228"
isha,2024-03-24,20:28,13,-45.0966,170.9694,30.0,Globe at Night Monitoring Network (GaN-MN). Continuous SQM-LE sky brightness data. https://globeatnight.org/gan-mn/. Station registry: http://globeatnight-network.org/,"GaN-MN station Oam (Oamaru, South Island, New Zealand); photometric inflection method; night median MSAS=17.72; MSAS at inflection=17.68; depression=9.30°; smoothing=5-pt median; dark rows=1240"
fajr,2024-03-25,06:04,13,-45.0966,170.9694,30.0,Globe at Night Monitoring Network (GaN-MN). Continuous SQM-LE sky brightness data. https://globeatnight.org/gan-mn/. Station registry: http://globeatnight-network.org/,"GaN-MN station Oam (Oamaru, South Island, New Zealand); photometric inflection method; night median MSAS=17.72; MSAS at inflection=18.04; depression=18.31°; smoothing=5-pt median; dark rows=1240"
fajr,2024-03-26,06:06,13,-45.0966,170.9694,30.0,Globe at Night Monitoring Network (GaN-MN). Continuous SQM-LE sky brightness data. https://globeatnight.org/gan-mn/. Station registry: http://globeatnight-network.org/,"GaN-MN station Oam (Oamaru, South Island, New Zealand); photometric inflection method; night median MSAS=17.60; MSAS at inflection=18.06; depression=18.21°; smoothing=5-pt median; dark rows=1247"
isha,2024-03-01,19:10,-3,-22.2803,-46.3647,870.0,Globe at Night Monitoring Network (GaN-MN). Continuous SQM-LE sky brightness data. https://globeatnight.org/gan-mn/. Station registry: http://globeatnight-network.org/,"GaN-MN station PAOF (Ouro Fino, MG, Brazil); photometric inflection method; night median MSAS=20.09; MSAS at inflection=19.05; depression=9.46°; smoothing=5-pt median; dark rows=753"
fajr,2024-03-04,05:12,-3,-22.2803,-46.3647,870.0,Globe at Night Monitoring Network (GaN-MN). Continuous SQM-LE sky brightness data. https://globeatnight.org/gan-mn/. Station registry: http://globeatnight-network.org/,"GaN-MN station PAOF (Ouro Fino, MG, Brazil); photometric inflection method; night median MSAS=20.70; MSAS at inflection=18.82; depression=12.35°; smoothing=5-pt median; dark rows=759"
isha,2024-03-05,19:16,-3,-22.2803,-46.3647,870.0,Globe at Night Monitoring Network (GaN-MN). Continuous SQM-LE sky brightness data. https://globeatnight.org/gan-mn/. Station registry: http://globeatnight-network.org/,"GaN-MN station PAOF (Ouro Fino, MG, Brazil); photometric inflection method; night median MSAS=21.02; MSAS at inflection=19.59; depression=11.62°; smoothing=5-pt median; dark rows=763"
isha,2024-03-06,19:43,-3,-22.2803,-46.3647,870.0,Globe at Night Monitoring Network (GaN-MN). Continuous SQM-LE sky brightness data. https://globeatnight.org/gan-mn/. Station registry: http://globeatnight-network.org/,"GaN-MN station PAOF (Ouro Fino, MG, Brazil); photometric inflection method; night median MSAS=21.15; MSAS at inflection=21.19; depression=17.89°; smoothing=5-pt median; dark rows=766"
isha,2024-03-09,19:02,-3,-22.2803,-46.3647,870.0,Globe at Night Monitoring Network (GaN-MN). Continuous SQM-LE sky brightness data. https://globeatnight.org/gan-mn/. Station registry: http://globeatnight-network.org/,"GaN-MN station PAOF (Ouro Fino, MG, Brazil); photometric inflection method; night median MSAS=20.51; MSAS at inflection=19.09; depression=9.28°; smoothing=5-pt median; dark rows=767"
fajr,2024-03-10,04:40,-3,-22.2803,-46.3647,870.0,Globe at Night Monitoring Network (GaN-MN). Continuous SQM-LE sky brightness data. https://globeatnight.org/gan-mn/. Station registry: http://globeatnight-network.org/,"GaN-MN station PAOF (Ouro Fino, MG, Brazil); photometric inflection method; night median MSAS=20.51; MSAS at inflection=21.04; depression=20.20°; smoothing=5-pt median; dark rows=767"
isha,2024-03-10,19:41,-3,-22.2803,-46.3647,870.0,Globe at Night Monitoring Network (GaN-MN). Continuous SQM-LE sky brightness data. https://globeatnight.org/gan-mn/. Station registry: http://globeatnight-network.org/,"GaN-MN station PAOF (Ouro Fino, MG, Brazil); photometric inflection method; night median MSAS=21.32; MSAS at inflection=20.86; depression=18.28°; smoothing=5-pt median; dark rows=772"
fajr,2024-03-12,05:07,-3,-22.2803,-46.3647,870.0,Globe at Night Monitoring Network (GaN-MN). Continuous SQM-LE sky brightness data. https://globeatnight.org/gan-mn/. Station registry: http://globeatnight-network.org/,"GaN-MN station PAOF (Ouro Fino, MG, Brazil); photometric inflection method; night median MSAS=21.44; MSAS at inflection=21.06; depression=14.28°; smoothing=5-pt median; dark rows=771"
isha,2024-03-14,19:09,-3,-22.2803,-46.3647,870.0,Globe at Night Monitoring Network (GaN-MN). Continuous SQM-LE sky brightness data. https://globeatnight.org/gan-mn/. Station registry: http://globeatnight-network.org/,"GaN-MN station PAOF (Ouro Fino, MG, Brazil); photometric inflection method; night median MSAS=21.32; MSAS at inflection=18.95; depression=12.04°; smoothing=5-pt median; dark rows=777"
fajr,2024-03-15,05:10,-3,-22.2803,-46.3647,870.0,Globe at Night Monitoring Network (GaN-MN). Continuous SQM-LE sky brightness data. https://globeatnight.org/gan-mn/. Station registry: http://globeatnight-network.org/,"GaN-MN station PAOF (Ouro Fino, MG, Brazil); photometric inflection method; night median MSAS=21.32; MSAS at inflection=20.80; depression=14.00°; smoothing=5-pt median; dark rows=777"
isha,2024-03-15,19:36,-3,-22.2803,-46.3647,870.0,Globe at Night Monitoring Network (GaN-MN). Continuous SQM-LE sky brightness data. https://globeatnight.org/gan-mn/. Station registry: http://globeatnight-network.org/,"GaN-MN station PAOF (Ouro Fino, MG, Brazil); photometric inflection method; night median MSAS=21.30; MSAS at inflection=20.20; depression=18.44°; smoothing=5-pt median; dark rows=779"
fajr,2024-03-16,05:20,-3,-22.2803,-46.3647,870.0,Globe at Night Monitoring Network (GaN-MN). Continuous SQM-LE sky brightness data. https://globeatnight.org/gan-mn/. Station registry: http://globeatnight-network.org/,"GaN-MN station PAOF (Ouro Fino, MG, Brazil); photometric inflection method; night median MSAS=21.30; MSAS at inflection=19.66; depression=11.85°; smoothing=5-pt median; dark rows=779"
isha,2024-03-19,18:57,-3,-22.2803,-46.3647,870.0,Globe at Night Monitoring Network (GaN-MN). Continuous SQM-LE sky brightness data. https://globeatnight.org/gan-mn/. Station registry: http://globeatnight-network.org/,"GaN-MN station PAOF (Ouro Fino, MG, Brazil); photometric inflection method; night median MSAS=19.56; MSAS at inflection=18.23; depression=10.22°; smoothing=5-pt median; dark rows=777"
isha,2024-03-20,19:12,-3,-22.2803,-46.3647,870.0,Globe at Night Monitoring Network (GaN-MN). Continuous SQM-LE sky brightness data. https://globeatnight.org/gan-mn/. Station registry: http://globeatnight-network.org/,"GaN-MN station PAOF (Ouro Fino, MG, Brazil); photometric inflection method; night median MSAS=19.31; MSAS at inflection=18.03; depression=13.88°; smoothing=5-pt median; dark rows=789"
fajr,2024-03-21,05:33,-3,-22.2803,-46.3647,870.0,Globe at Night Monitoring Network (GaN-MN). Continuous SQM-LE sky brightness data. https://globeatnight.org/gan-mn/. Station registry: http://globeatnight-network.org/,"GaN-MN station PAOF (Ouro Fino, MG, Brazil); photometric inflection method; night median MSAS=19.31; MSAS at inflection=17.24; depression=9.16°; smoothing=5-pt median; dark rows=789"
fajr,2024-03-22,05:22,-3,-22.2803,-46.3647,870.0,Globe at Night Monitoring Network (GaN-MN). Continuous SQM-LE sky brightness data. https://globeatnight.org/gan-mn/. Station registry: http://globeatnight-network.org/,"GaN-MN station PAOF (Ouro Fino, MG, Brazil); photometric inflection method; night median MSAS=19.21; MSAS at inflection=19.93; depression=11.75°; smoothing=5-pt median; dark rows=786"
isha,2024-03-22,18:59,-3,-22.2803,-46.3647,870.0,Globe at Night Monitoring Network (GaN-MN). Continuous SQM-LE sky brightness data. https://globeatnight.org/gan-mn/. Station registry: http://globeatnight-network.org/,"GaN-MN station PAOF (Ouro Fino, MG, Brazil); photometric inflection method; night median MSAS=18.09; MSAS at inflection=18.40; depression=11.32°; smoothing=5-pt median; dark rows=790"
fajr,2024-03-23,05:46,-3,-22.2803,-46.3647,870.0,Globe at Night Monitoring Network (GaN-MN). Continuous SQM-LE sky brightness data. https://globeatnight.org/gan-mn/. Station registry: http://globeatnight-network.org/,"GaN-MN station PAOF (Ouro Fino, MG, Brazil); photometric inflection method; night median MSAS=18.09; MSAS at inflection=15.66; depression=6.20°; smoothing=5-pt median; dark rows=790"
fajr,2024-03-24,05:40,-3,-22.2803,-46.3647,870.0,Globe at Night Monitoring Network (GaN-MN). Continuous SQM-LE sky brightness data. https://globeatnight.org/gan-mn/. Station registry: http://globeatnight-network.org/,"GaN-MN station PAOF (Ouro Fino, MG, Brazil); photometric inflection method; night median MSAS=17.80; MSAS at inflection=16.79; depression=7.91°; smoothing=5-pt median; dark rows=791"
isha,2024-03-25,19:02,-3,-22.2803,-46.3647,870.0,Globe at Night Monitoring Network (GaN-MN). Continuous SQM-LE sky brightness data. https://globeatnight.org/gan-mn/. Station registry: http://globeatnight-network.org/,"GaN-MN station PAOF (Ouro Fino, MG, Brazil); photometric inflection method; night median MSAS=17.55; MSAS at inflection=18.44; depression=12.76°; smoothing=5-pt median; dark rows=791"
fajr,2024-03-26,05:12,-3,-22.2803,-46.3647,870.0,Globe at Night Monitoring Network (GaN-MN). Continuous SQM-LE sky brightness data. https://globeatnight.org/gan-mn/. Station registry: http://globeatnight-network.org/,"GaN-MN station PAOF (Ouro Fino, MG, Brazil); photometric inflection method; night median MSAS=17.55; MSAS at inflection=18.67; depression=14.51°; smoothing=5-pt median; dark rows=791"
isha,2024-03-26,19:12,-3,-22.2803,-46.3647,870.0,Globe at Night Monitoring Network (GaN-MN). Continuous SQM-LE sky brightness data. https://globeatnight.org/gan-mn/. Station registry: http://globeatnight-network.org/,"GaN-MN station PAOF (Ouro Fino, MG, Brazil); photometric inflection method; night median MSAS=18.10; MSAS at inflection=20.19; depression=15.34°; smoothing=5-pt median; dark rows=791"
fajr,2024-03-27,04:59,-3,-22.2803,-46.3647,870.0,Globe at Night Monitoring Network (GaN-MN). Continuous SQM-LE sky brightness data. https://globeatnight.org/gan-mn/. Station registry: http://globeatnight-network.org/,"GaN-MN station PAOF (Ouro Fino, MG, Brazil); photometric inflection method; night median MSAS=18.10; MSAS at inflection=18.28; depression=17.45°; smoothing=5-pt median; dark rows=791"
isha,2024-03-27,19:02,-3,-22.2803,-46.3647,870.0,Globe at Night Monitoring Network (GaN-MN). Continuous SQM-LE sky brightness data. https://globeatnight.org/gan-mn/. Station registry: http://globeatnight-network.org/,"GaN-MN station PAOF (Ouro Fino, MG, Brazil); photometric inflection method; night median MSAS=18.60; MSAS at inflection=20.40; depression=13.26°; smoothing=5-pt median; dark rows=795"
fajr,2024-03-29,05:08,-3,-22.2803,-46.3647,870.0,Globe at Night Monitoring Network (GaN-MN). Continuous SQM-LE sky brightness data. https://globeatnight.org/gan-mn/. Station registry: http://globeatnight-network.org/,"GaN-MN station PAOF (Ouro Fino, MG, Brazil); photometric inflection method; night median MSAS=18.18; MSAS at inflection=17.95; depression=15.57°; smoothing=5-pt median; dark rows=802"
fajr,2024-03-30,05:06,-3,-22.2803,-46.3647,870.0,Globe at Night Monitoring Network (GaN-MN). Continuous SQM-LE sky brightness data. https://globeatnight.org/gan-mn/. Station registry: http://globeatnight-network.org/,"GaN-MN station PAOF (Ouro Fino, MG, Brazil); photometric inflection method; night median MSAS=18.66; MSAS at inflection=16.46; depression=16.24°; smoothing=5-pt median; dark rows=801"
fajr,2024-03-03,06:00,8,22.4806,114.0194,5.0,Globe at Night Monitoring Network (GaN-MN). Continuous SQM-LE sky brightness data. https://globeatnight.org/gan-mn/. Station registry: http://globeatnight-network.org/,"GaN-MN station TBT (Tsim Bei Tsui, Yuen Long, Hong Kong); photometric inflection method; night median MSAS=17.63; MSAS at inflection=17.76; depression=10.81°; smoothing=5-pt median; dark rows=1312"
isha,2024-03-03,19:19,8,22.4806,114.0194,5.0,Globe at Night Monitoring Network (GaN-MN). Continuous SQM-LE sky brightness data. https://globeatnight.org/gan-mn/. Station registry: http://globeatnight-network.org/,"GaN-MN station TBT (Tsim Bei Tsui, Yuen Long, Hong Kong); photometric inflection method; night median MSAS=17.50; MSAS at inflection=17.48; depression=12.48°; smoothing=5-pt median; dark rows=1309"
isha,2024-03-05,18:56,8,22.4806,114.0194,5.0,Globe at Night Monitoring Network (GaN-MN). Continuous SQM-LE sky brightness data. https://globeatnight.org/gan-mn/. Station registry: http://globeatnight-network.org/,"GaN-MN station TBT (Tsim Bei Tsui, Yuen Long, Hong Kong); photometric inflection method; night median MSAS=17.83; MSAS at inflection=15.38; depression=7.05°; smoothing=5-pt median; dark rows=1304"
isha,2024-03-09,18:54,8,22.4806,114.0194,5.0,Globe at Night Monitoring Network (GaN-MN). Continuous SQM-LE sky brightness data. https://globeatnight.org/gan-mn/. Station registry: http://globeatnight-network.org/,"GaN-MN station TBT (Tsim Bei Tsui, Yuen Long, Hong Kong); photometric inflection method; night median MSAS=17.71; MSAS at inflection=15.61; depression=6.13°; smoothing=5-pt median; dark rows=1294"
isha,2024-03-14,20:03,8,22.4806,114.0194,5.0,Globe at Night Monitoring Network (GaN-MN). Continuous SQM-LE sky brightness data. https://globeatnight.org/gan-mn/. Station registry: http://globeatnight-network.org/,"GaN-MN station TBT (Tsim Bei Tsui, Yuen Long, Hong Kong); photometric inflection method; night median MSAS=17.53; MSAS at inflection=16.45; depression=21.71°; smoothing=5-pt median; dark rows=1281"
isha,2024-03-18,19:04,8,22.4806,114.0194,5.0,Globe at Night Monitoring Network (GaN-MN). Continuous SQM-LE sky brightness data. https://globeatnight.org/gan-mn/. Station registry: http://globeatnight-network.org/,"GaN-MN station TBT (Tsim Bei Tsui, Yuen Long, Hong Kong); photometric inflection method; night median MSAS=17.87; MSAS at inflection=15.67; depression=7.75°; smoothing=5-pt median; dark rows=1270"
isha,2024-03-20,19:36,8,22.4806,114.0194,5.0,Globe at Night Monitoring Network (GaN-MN). Continuous SQM-LE sky brightness data. https://globeatnight.org/gan-mn/. Station registry: http://globeatnight-network.org/,"GaN-MN station TBT (Tsim Bei Tsui, Yuen Long, Hong Kong); photometric inflection method; night median MSAS=17.70; MSAS at inflection=16.74; depression=14.95°; smoothing=5-pt median; dark rows=1265"
fajr,2024-03-21,04:59,8,22.4806,114.0194,5.0,Globe at Night Monitoring Network (GaN-MN). Continuous SQM-LE sky brightness data. https://globeatnight.org/gan-mn/. Station registry: http://globeatnight-network.org/,"GaN-MN station TBT (Tsim Bei Tsui, Yuen Long, Hong Kong); photometric inflection method; night median MSAS=17.70; MSAS at inflection=19.09; depression=20.88°; smoothing=5-pt median; dark rows=1265"
isha,2024-03-25,19:11,8,22.4806,114.0194,5.0,Globe at Night Monitoring Network (GaN-MN). Continuous SQM-LE sky brightness data. https://globeatnight.org/gan-mn/. Station registry: http://globeatnight-network.org/,"GaN-MN station TBT (Tsim Bei Tsui, Yuen Long, Hong Kong); photometric inflection method; night median MSAS=17.73; MSAS at inflection=16.79; depression=8.77°; smoothing=5-pt median; dark rows=1252"
fajr,2024-03-27,05:38,8,22.4806,114.0194,5.0,Globe at Night Monitoring Network (GaN-MN). Continuous SQM-LE sky brightness data. https://globeatnight.org/gan-mn/. Station registry: http://globeatnight-network.org/,"GaN-MN station TBT (Tsim Bei Tsui, Yuen Long, Hong Kong); photometric inflection method; night median MSAS=17.69; MSAS at inflection=17.53; depression=10.72°; smoothing=5-pt median; dark rows=1249"
isha,2024-03-31,19:12,8,22.4806,114.0194,5.0,Globe at Night Monitoring Network (GaN-MN). Continuous SQM-LE sky brightness data. https://globeatnight.org/gan-mn/. Station registry: http://globeatnight-network.org/,"GaN-MN station TBT (Tsim Bei Tsui, Yuen Long, Hong Kong); photometric inflection method; night median MSAS=17.79; MSAS at inflection=16.61; depression=8.60°; smoothing=5-pt median; dark rows=1235"
fajr,2024-03-03,06:12,-7,32.6736,-116.5311,1220.0,Globe at Night Monitoring Network (GaN-MN). Continuous SQM-LE sky brightness data. https://globeatnight.org/gan-mn/. Station registry: http://globeatnight-network.org/,"GaN-MN station TSO (Tierra del Sol, San Diego, California, USA); photometric inflection method; night median MSAS=21.09; MSAS at inflection=19.92; depression=13.08°; smoothing=5-pt median; dark rows=561"
fajr,2024-03-06,06:23,-7,32.6736,-116.5311,1220.0,Globe at Night Monitoring Network (GaN-MN). Continuous SQM-LE sky brightness data. https://globeatnight.org/gan-mn/. Station registry: http://globeatnight-network.org/,"GaN-MN station TSO (Tierra del Sol, San Diego, California, USA); photometric inflection method; night median MSAS=20.77; MSAS at inflection=18.79; depression=10.03°; smoothing=5-pt median; dark rows=556"
fajr,2024-03-07,05:26,-7,32.6736,-116.5311,1220.0,Globe at Night Monitoring Network (GaN-MN). Continuous SQM-LE sky brightness data. https://globeatnight.org/gan-mn/. Station registry: http://globeatnight-network.org/,"GaN-MN station TSO (Tierra del Sol, San Diego, California, USA); photometric inflection method; night median MSAS=21.11; MSAS at inflection=21.18; depression=21.75°; smoothing=5-pt median; dark rows=552"
fajr,2024-03-08,06:01,-7,32.6736,-116.5311,1220.0,Globe at Night Monitoring Network (GaN-MN). Continuous SQM-LE sky brightness data. https://globeatnight.org/gan-mn/. Station registry: http://globeatnight-network.org/,"GaN-MN station TSO (Tierra del Sol, San Diego, California, USA); photometric inflection method; night median MSAS=21.35; MSAS at inflection=21.01; depression=14.16°; smoothing=5-pt median; dark rows=551"
isha,2024-03-10,20:15,-7,32.6736,-116.5311,1220.0,Globe at Night Monitoring Network (GaN-MN). Continuous SQM-LE sky brightness data. https://globeatnight.org/gan-mn/. Station registry: http://globeatnight-network.org/,"GaN-MN station TSO (Tierra del Sol, San Diego, California, USA); photometric inflection method; night median MSAS=21.56; MSAS at inflection=21.02; depression=18.52°; smoothing=5-pt median; dark rows=548"
fajr,2024-03-11,05:29,-7,32.6736,-116.5311,1220.0,Globe at Night Monitoring Network (GaN-MN). Continuous SQM-LE sky brightness data. https://globeatnight.org/gan-mn/. Station registry: http://globeatnight-network.org/,"GaN-MN station TSO (Tierra del Sol, San Diego, California, USA); photometric inflection method; night median MSAS=21.56; MSAS at inflection=21.63; depression=20.07°; smoothing=5-pt median; dark rows=548"
isha,2024-03-11,20:19,-7,32.6736,-116.5311,1220.0,Globe at Night Monitoring Network (GaN-MN). Continuous SQM-LE sky brightness data. https://globeatnight.org/gan-mn/. Station registry: http://globeatnight-network.org/,"GaN-MN station TSO (Tierra del Sol, San Diego, California, USA); photometric inflection method; night median MSAS=21.06; MSAS at inflection=20.90; depression=19.16°; smoothing=5-pt median; dark rows=564"
isha,2024-03-12,20:27,-7,32.6736,-116.5311,1220.0,Globe at Night Monitoring Network (GaN-MN). Continuous SQM-LE sky brightness data. https://globeatnight.org/gan-mn/. Station registry: http://globeatnight-network.org/,"GaN-MN station TSO (Tierra del Sol, San Diego, California, USA); photometric inflection method; night median MSAS=21.05; MSAS at inflection=20.67; depression=20.86°; smoothing=5-pt median; dark rows=562"
fajr,2024-03-13,05:18,-7,32.6736,-116.5311,1220.0,Globe at Night Monitoring Network (GaN-MN). Continuous SQM-LE sky brightness data. https://globeatnight.org/gan-mn/. Station registry: http://globeatnight-network.org/,"GaN-MN station TSO (Tierra del Sol, San Diego, California, USA); photometric inflection method; night median MSAS=21.05; MSAS at inflection=21.02; depression=21.61°; smoothing=5-pt median; dark rows=562"
isha,2024-03-13,20:14,-7,32.6736,-116.5311,1220.0,Globe at Night Monitoring Network (GaN-MN). Continuous SQM-LE sky brightness data. https://globeatnight.org/gan-mn/. Station registry: http://globeatnight-network.org/,"GaN-MN station TSO (Tierra del Sol, San Diego, California, USA); photometric inflection method; night median MSAS=21.30; MSAS at inflection=20.47; depression=17.99°; smoothing=5-pt median; dark rows=560"
isha,2024-03-14,20:15,-7,32.6736,-116.5311,1220.0,Globe at Night Monitoring Network (GaN-MN). Continuous SQM-LE sky brightness data. https://globeatnight.org/gan-mn/. Station registry: http://globeatnight-network.org/,"GaN-MN station TSO (Tierra del Sol, San Diego, California, USA); photometric inflection method; night median MSAS=21.26; MSAS at inflection=19.63; depression=18.03°; smoothing=5-pt median; dark rows=558"
fajr,2024-03-15,05:15,-7,32.6736,-116.5311,1220.0,Globe at Night Monitoring Network (GaN-MN). Continuous SQM-LE sky brightness data. https://globeatnight.org/gan-mn/. Station registry: http://globeatnight-network.org/,"GaN-MN station TSO (Tierra del Sol, San Diego, California, USA); photometric inflection method; night median MSAS=21.26; MSAS at inflection=21.05; depression=21.68°; smoothing=5-pt median; dark rows=558"
isha,2024-03-15,20:15,-7,32.6736,-116.5311,1220.0,Globe at Night Monitoring Network (GaN-MN). Continuous SQM-LE sky brightness data. https://globeatnight.org/gan-mn/. Station registry: http://globeatnight-network.org/,"GaN-MN station TSO (Tierra del Sol, San Diego, California, USA); photometric inflection method; night median MSAS=21.44; MSAS at inflection=19.03; depression=17.86°; smoothing=5-pt median; dark rows=556"
fajr,2024-03-17,05:29,-7,32.6736,-116.5311,1220.0,Globe at Night Monitoring Network (GaN-MN). Continuous SQM-LE sky brightness data. https://globeatnight.org/gan-mn/. Station registry: http://globeatnight-network.org/,"GaN-MN station TSO (Tierra del Sol, San Diego, California, USA); photometric inflection method; night median MSAS=20.92; MSAS at inflection=21.50; depression=18.25°; smoothing=5-pt median; dark rows=554"
fajr,2024-03-18,05:26,-7,32.6736,-116.5311,1220.0,Globe at Night Monitoring Network (GaN-MN). Continuous SQM-LE sky brightness data. https://globeatnight.org/gan-mn/. Station registry: http://globeatnight-network.org/,"GaN-MN station TSO (Tierra del Sol, San Diego, California, USA); photometric inflection method; night median MSAS=20.39; MSAS at inflection=21.49; depression=18.59°; smoothing=5-pt median; dark rows=552"
isha,2024-03-20,20:32,-7,32.6736,-116.5311,1220.0,Globe at Night Monitoring Network (GaN-MN). Continuous SQM-LE sky brightness data. https://globeatnight.org/gan-mn/. Station registry: http://globeatnight-network.org/,"GaN-MN station TSO (Tierra del Sol, San Diego, California, USA); photometric inflection method; night median MSAS=18.13; MSAS at inflection=17.56; depression=20.48°; smoothing=5-pt median; dark rows=546"
fajr,2024-03-22,05:15,-7,32.6736,-116.5311,1220.0,Globe at Night Monitoring Network (GaN-MN). Continuous SQM-LE sky brightness data. https://globeatnight.org/gan-mn/. Station registry: http://globeatnight-network.org/,"GaN-MN station TSO (Tierra del Sol, San Diego, California, USA); photometric inflection method; night median MSAS=17.78; MSAS at inflection=19.91; depression=19.74°; smoothing=5-pt median; dark rows=543"
isha,2024-03-22,20:32,-7,32.6736,-116.5311,1220.0,Globe at Night Monitoring Network (GaN-MN). Continuous SQM-LE sky brightness data. https://globeatnight.org/gan-mn/. Station registry: http://globeatnight-network.org/,"GaN-MN station TSO (Tierra del Sol, San Diego, California, USA); photometric inflection method; night median MSAS=17.55; MSAS at inflection=18.17; depression=20.14°; smoothing=5-pt median; dark rows=541"
isha,2024-03-23,20:27,-7,32.6736,-116.5311,1220.0,Globe at Night Monitoring Network (GaN-MN). Continuous SQM-LE sky brightness data. https://globeatnight.org/gan-mn/. Station registry: http://globeatnight-network.org/,"GaN-MN station TSO (Tierra del Sol, San Diego, California, USA); photometric inflection method; night median MSAS=17.53; MSAS at inflection=18.90; depression=18.94°; smoothing=5-pt median; dark rows=539"
fajr,2024-03-24,05:08,-7,32.6736,-116.5311,1220.0,Globe at Night Monitoring Network (GaN-MN). Continuous SQM-LE sky brightness data. https://globeatnight.org/gan-mn/. Station registry: http://globeatnight-network.org/,"GaN-MN station TSO (Tierra del Sol, San Diego, California, USA); photometric inflection method; night median MSAS=17.53; MSAS at inflection=19.42; depression=20.58°; smoothing=5-pt median; dark rows=539"
isha,2024-03-25,20:24,-7,32.6736,-116.5311,1220.0,Globe at Night Monitoring Network (GaN-MN). Continuous SQM-LE sky brightness data. https://globeatnight.org/gan-mn/. Station registry: http://globeatnight-network.org/,"GaN-MN station TSO (Tierra del Sol, San Diego, California, USA); photometric inflection method; night median MSAS=17.86; MSAS at inflection=19.50; depression=17.98°; smoothing=5-pt median; dark rows=534"
fajr,2024-03-26,04:59,-7,32.6736,-116.5311,1220.0,Globe at Night Monitoring Network (GaN-MN). Continuous SQM-LE sky brightness data. https://globeatnight.org/gan-mn/. Station registry: http://globeatnight-network.org/,"GaN-MN station TSO (Tierra del Sol, San Diego, California, USA); photometric inflection method; night median MSAS=17.86; MSAS at inflection=18.66; depression=21.83°; smoothing=5-pt median; dark rows=534"
isha,2024-03-27,20:32,-7,32.6736,-116.5311,1220.0,Globe at Night Monitoring Network (GaN-MN). Continuous SQM-LE sky brightness data. https://globeatnight.org/gan-mn/. Station registry: http://globeatnight-network.org/,"GaN-MN station TSO (Tierra del Sol, San Diego, California, USA); photometric inflection method; night median MSAS=19.54; MSAS at inflection=21.29; depression=19.24°; smoothing=5-pt median; dark rows=529"
fajr,2024-03-28,05:02,-7,32.6736,-116.5311,1220.0,Globe at Night Monitoring Network (GaN-MN). Continuous SQM-LE sky brightness data. https://globeatnight.org/gan-mn/. Station registry: http://globeatnight-network.org/,"GaN-MN station TSO (Tierra del Sol, San Diego, California, USA); photometric inflection method; night median MSAS=19.54; MSAS at inflection=18.87; depression=20.66°; smoothing=5-pt median; dark rows=529"
isha,2024-03-28,20:31,-7,32.6736,-116.5311,1220.0,Globe at Night Monitoring Network (GaN-MN). Continuous SQM-LE sky brightness data. https://globeatnight.org/gan-mn/. Station registry: http://globeatnight-network.org/,"GaN-MN station TSO (Tierra del Sol, San Diego, California, USA); photometric inflection method; night median MSAS=19.38; MSAS at inflection=21.37; depression=18.86°; smoothing=5-pt median; dark rows=528"
fajr,2024-03-29,05:13,-7,32.6736,-116.5311,1220.0,Globe at Night Monitoring Network (GaN-MN). Continuous SQM-LE sky brightness data. https://globeatnight.org/gan-mn/. Station registry: http://globeatnight-network.org/,"GaN-MN station TSO (Tierra del Sol, San Diego, California, USA); photometric inflection method; night median MSAS=19.38; MSAS at inflection=18.37; depression=18.17°; smoothing=5-pt median; dark rows=528"
isha,2024-03-29,20:30,-7,32.6736,-116.5311,1220.0,Globe at Night Monitoring Network (GaN-MN). Continuous SQM-LE sky brightness data. https://globeatnight.org/gan-mn/. Station registry: http://globeatnight-network.org/,"GaN-MN station TSO (Tierra del Sol, San Diego, California, USA); photometric inflection method; night median MSAS=20.74; MSAS at inflection=21.29; depression=18.48°; smoothing=5-pt median; dark rows=525"
fajr,2024-03-30,05:11,-7,32.6736,-116.5311,1220.0,Globe at Night Monitoring Network (GaN-MN). Continuous SQM-LE sky brightness data. https://globeatnight.org/gan-mn/. Station registry: http://globeatnight-network.org/,"GaN-MN station TSO (Tierra del Sol, San Diego, California, USA); photometric inflection method; night median MSAS=20.74; MSAS at inflection=18.75; depression=18.29°; smoothing=5-pt median; dark rows=525"
isha,2024-03-30,20:29,-7,32.6736,-116.5311,1220.0,Globe at Night Monitoring Network (GaN-MN). Continuous SQM-LE sky brightness data. https://globeatnight.org/gan-mn/. Station registry: http://globeatnight-network.org/,"GaN-MN station TSO (Tierra del Sol, San Diego, California, USA); photometric inflection method; night median MSAS=20.97; MSAS at inflection=20.79; depression=18.10°; smoothing=5-pt median; dark rows=523"
fajr,2024-03-31,04:57,-7,32.6736,-116.5311,1220.0,Globe at Night Monitoring Network (GaN-MN). Continuous SQM-LE sky brightness data. https://globeatnight.org/gan-mn/. Station registry: http://globeatnight-network.org/,"GaN-MN station TSO (Tierra del Sol, San Diego, California, USA); photometric inflection method; night median MSAS=20.97; MSAS at inflection=19.07; depression=20.79°; smoothing=5-pt median; dark rows=523"
fajr,2024-03-12,06:02,8,22.2974,114.1737,5.0,Globe at Night Monitoring Network (GaN-MN). Continuous SQM-LE sky brightness data. https://globeatnight.org/gan-mn/. Station registry: http://globeatnight-network.org/,"GaN-MN station TST (Kowloon, Hong Kong Space Museum); photometric inflection method; night median MSAS=18.19; MSAS at inflection=16.13; depression=8.41°; smoothing=5-pt median; dark rows=1288"
isha,2024-03-30,20:03,11,-36.8983,149.9044,30.0,Globe at Night Monitoring Network (GaN-MN). Continuous SQM-LE sky brightness data. https://globeatnight.org/gan-mn/. Station registry: http://globeatnight-network.org/,"GaN-MN station Tura (Merimbula, New South Wales, Australia); photometric inflection method; night median MSAS=21.21; MSAS at inflection=21.84; depression=14.18°; smoothing=5-pt median; dark rows=642"
fajr,2024-03-31,05:54,11,-36.8983,149.9044,30.0,Globe at Night Monitoring Network (GaN-MN). Continuous SQM-LE sky brightness data. https://globeatnight.org/gan-mn/. Station registry: http://globeatnight-network.org/,"GaN-MN station Tura (Merimbula, New South Wales, Australia); photometric inflection method; night median MSAS=21.21; MSAS at inflection=19.01; depression=16.43°; smoothing=5-pt median; dark rows=642"
isha,2024-03-31,20:01,11,-36.8983,149.9044,30.0,Globe at Night Monitoring Network (GaN-MN). Continuous SQM-LE sky brightness data. https://globeatnight.org/gan-mn/. Station registry: http://globeatnight-network.org/,"GaN-MN station Tura (Merimbula, New South Wales, Australia); photometric inflection method; night median MSAS=21.22; MSAS at inflection=21.17; depression=13.95°; smoothing=5-pt median; dark rows=646"
isha,2024-03-02,19:49,1,59.9167,18.8333,5.0,Globe at Night Monitoring Network (GaN-MN). Continuous SQM-LE sky brightness data. https://globeatnight.org/gan-mn/. Station registry: http://globeatnight-network.org/,"GaN-MN station UO (Utanå Observatory, Väddö, Sweden); photometric inflection method; night median MSAS=21.50; MSAS at inflection=21.50; depression=19.78°; smoothing=5-pt median; dark rows=131"
fajr,2024-03-07,04:39,1,59.9167,18.8333,5.0,Globe at Night Monitoring Network (GaN-MN). Continuous SQM-LE sky brightness data. https://globeatnight.org/gan-mn/. Station registry: http://globeatnight-network.org/,"GaN-MN station UO (Utanå Observatory, Väddö, Sweden); photometric inflection method; night median MSAS=21.32; MSAS at inflection=20.86; depression=13.87°; smoothing=5-pt median; dark rows=114"
isha,2024-03-10,20:24,1,59.9167,18.8333,5.0,Globe at Night Monitoring Network (GaN-MN). Continuous SQM-LE sky brightness data. https://globeatnight.org/gan-mn/. Station registry: http://globeatnight-network.org/,"GaN-MN station UO (Utanå Observatory, Väddö, Sweden); photometric inflection method; night median MSAS=21.36; MSAS at inflection=21.35; depression=21.07°; smoothing=5-pt median; dark rows=122"
isha,2024-03-12,19:06,1,59.9167,18.8333,5.0,Globe at Night Monitoring Network (GaN-MN). Continuous SQM-LE sky brightness data. https://globeatnight.org/gan-mn/. Station registry: http://globeatnight-network.org/,"GaN-MN station UO (Utanå Observatory, Väddö, Sweden); photometric inflection method; night median MSAS=21.48; MSAS at inflection=19.33; depression=11.47°; smoothing=5-pt median; dark rows=120"
fajr,2024-03-14,04:00,1,59.9167,18.8333,5.0,Globe at Night Monitoring Network (GaN-MN). Continuous SQM-LE sky brightness data. https://globeatnight.org/gan-mn/. Station registry: http://globeatnight-network.org/,"GaN-MN station UO (Utanå Observatory, Väddö, Sweden); photometric inflection method; night median MSAS=21.27; MSAS at inflection=21.38; depression=15.90°; smoothing=5-pt median; dark rows=118"
isha,2024-03-19,20:09,1,59.9167,18.8333,5.0,Globe at Night Monitoring Network (GaN-MN). Continuous SQM-LE sky brightness data. https://globeatnight.org/gan-mn/. Station registry: http://globeatnight-network.org/,"GaN-MN station UO (Utanå Observatory, Väddö, Sweden); photometric inflection method; night median MSAS=19.53; MSAS at inflection=18.48; depression=16.54°; smoothing=5-pt median; dark rows=112"
isha,2024-03-22,19:18,1,59.9167,18.8333,5.0,Globe at Night Monitoring Network (GaN-MN). Continuous SQM-LE sky brightness data. https://globeatnight.org/gan-mn/. Station registry: http://globeatnight-network.org/,"GaN-MN station UO (Utanå Observatory, Väddö, Sweden); photometric inflection method; night median MSAS=18.89; MSAS at inflection=17.22; depression=9.82°; smoothing=5-pt median; dark rows=108"
fajr,2024-03-26,04:20,1,59.9167,18.8333,5.0,Globe at Night Monitoring Network (GaN-MN). Continuous SQM-LE sky brightness data. https://globeatnight.org/gan-mn/. Station registry: http://globeatnight-network.org/,"GaN-MN station UO (Utanå Observatory, Väddö, Sweden); photometric inflection method; night median MSAS=17.86; MSAS at inflection=16.42; depression=8.94°; smoothing=5-pt median; dark rows=105"
isha,2024-03-28,20:18,1,59.9167,18.8333,5.0,Globe at Night Monitoring Network (GaN-MN). Continuous SQM-LE sky brightness data. https://globeatnight.org/gan-mn/. Station registry: http://globeatnight-network.org/,"GaN-MN station UO (Utanå Observatory, Väddö, Sweden); photometric inflection method; night median MSAS=20.96; MSAS at inflection=21.04; depression=14.56°; smoothing=5-pt median; dark rows=101"
isha,2024-03-15,18:54,1,49.0167,13.2333,590.0,Globe at Night Monitoring Network (GaN-MN). Continuous SQM-LE sky brightness data. https://globeatnight.org/gan-mn/. Station registry: http://globeatnight-network.org/,"GaN-MN station Zwi (Zwiesel, Germany); photometric inflection method; night median MSAS=18.81; MSAS at inflection=16.41; depression=7.61°; smoothing=5-pt median; dark rows=1225"
isha,2024-03-28,20:51,1,49.0167,13.2333,590.0,Globe at Night Monitoring Network (GaN-MN). Continuous SQM-LE sky brightness data. https://globeatnight.org/gan-mn/. Station registry: http://globeatnight-network.org/,"GaN-MN station Zwi (Zwiesel, Germany); photometric inflection method; night median MSAS=19.83; MSAS at inflection=20.68; depression=21.96°; smoothing=5-pt median; dark rows=1127"
isha,2024-03-07,19:07,8,22.3767,114.27,10.0,Globe at Night Monitoring Network (GaN-MN). Continuous SQM-LE sky brightness data. https://globeatnight.org/gan-mn/. Station registry: http://globeatnight-network.org/,"GaN-MN station iObs (Sai Kung iObservatory, Hong Kong); photometric inflection method; night median MSAS=19.11; MSAS at inflection=17.84; depression=9.76°; smoothing=5-pt median; dark rows=1297"
